type,sim_adversarial,sim_sanitized,improvement
emoji_insertion,0.6428151905536652,1.0,0.35718480944633485
emoji_replacement,0.6889204978942871,0.7207937061786651,0.03187320828437805
unicode,0.5875960350036621,1.0,0.4124039649963379
whitespace,0.41983264982700347,0.7532072424888611,0.3333745926618576
